Workbook

Sheet LIVINTUS COURO
A1: TABELA EXPORTAÇÃO - MOVELSUL 2026
A2: MODELO | C2: COMP. | D2: ALTURA | E2: PROF. | F2: COMPOSIÇÃO | G2: LINHA | H2: VALOR EM REAIS (UNITÁRIO) | I2: VALOR EM EXW (UNITÁRIO)
B3: MILANO | C3: ASSENTO 1,00m | D3: 0,46m | E3: 1,00m | F3: MÓDULO ASSENTO | G3: CO-5 | H3: 1110 | I3: =SUM(H3/'BASE CÁLCULO'!$B$13) -> 229.81366
G4: CO-6 | H4: 1185 | I4: =SUM(H4/'BASE CÁLCULO'!$B$13) -> 245.34161
G5: CO-7 | H5: 1245 | I5: =SUM(H5/'BASE CÁLCULO'!$B$13) -> 257.76398
C6: ASSENTO 1,20m | D6: 0,46m | E6: 1,00m | F6: MÓDULO ASSENTO | G6: CO-5 | H6: 1265 | I6: =SUM(H6/'BASE CÁLCULO'!$B$13) -> 261.90476
G7: CO-6 | H7: 1350 | I7: =SUM(H7/'BASE CÁLCULO'!$B$13) -> 279.50311
G8: CO-7 | H8: 1420 | I8: =SUM(H8/'BASE CÁLCULO'!$B$13) -> 293.99586
C9: ASSENTO 1,40m | D9: 0,46m | E9: 1,00m | F9: MÓDULO ASSENTO | G9: CO-5 | H9: 1425 | I9: =SUM(H9/'BASE CÁLCULO'!$B$13) -> 295.03106
G10: CO-6 | H10: 1515 | I10: =SUM(H10/'BASE CÁLCULO'!$B$13) -> 313.6646
G11: CO-7 | H11: 1595 | I11: =SUM(H11/'BASE CÁLCULO'!$B$13) -> 330.22774
C12: ASSENTO 1,60m | D12: 0,46m | E12: 1,00m | F12: MÓDULO ASSENTO | G12: CO-5 | H12: 1635 | I12: =SUM(H12/'BASE CÁLCULO'!$B$13) -> 338.50932
G13: CO-6 | H13: 1740 | I13: =SUM(H13/'BASE CÁLCULO'!$B$13) -> 360.24845
G14: CO-7 | H14: 1825 | I14: =SUM(H14/'BASE CÁLCULO'!$B$13) -> 377.84679
C15: ASSENTO 1,80m | D15: 0,46m | E15: 1,00m | F15: MÓDULO ASSENTO | G15: CO-5 | H15: 1870 | I15: =SUM(H15/'BASE CÁLCULO'!$B$13) -> 387.16356
G16: CO-6 | H16: 1985 | I16: =SUM(H16/'BASE CÁLCULO'!$B$13) -> 410.97308
G17: CO-7 | H17: 2085 | I17: =SUM(H17/'BASE CÁLCULO'!$B$13) -> 431.67702
C18: ASSENTO 2,00m | D18: 0,46m | E18: 1,00m | F18: MÓDULO ASSENTO | G18: CO-5 | H18: 2160 | I18: =SUM(H18/'BASE CÁLCULO'!$B$13) -> 447.20497
G19: CO-6 | H19: 2295 | I19: =SUM(H19/'BASE CÁLCULO'!$B$13) -> 475.15528
G20: CO-7 | H20: 2405 | I20: =SUM(H20/'BASE CÁLCULO'!$B$13) -> 497.92961
C21: ALMOFADA ENCOSTO 0,60m | D21: 0,50m | E21: - | F21: ALMOFADA ENCOSTO | G21: CO-5 | H21: 160 | I21: =SUM(H21/'BASE CÁLCULO'!$B$13) -> 33.126294
G22: CO-6 | H22: 175 | I22: =SUM(H22/'BASE CÁLCULO'!$B$13) -> 36.231884
G23: CO-7 | H23: 190 | I23: =SUM(H23/'BASE CÁLCULO'!$B$13) -> 39.337474
C24: ALMOFADA ENCOSTO 0,90m | D24: 0,50m | E24: - | F24: ALMOFADA ENCOSTO | G24: CO-5 | H24: 205 | I24: =SUM(H24/'BASE CÁLCULO'!$B$13) -> 42.443064
G25: CO-6 | H25: 225 | I25: =SUM(H25/'BASE CÁLCULO'!$B$13) -> 46.583851
G26: CO-7 | H26: 240 | I26: =SUM(H26/'BASE CÁLCULO'!$B$13) -> 49.689441
C27: BASE DO ENCOSTO 0,60m | D27: 0.29 | E27: 0,624m | F27: BASE DO ENCOSTO | G27: CO-5 | H27: 285 | I27: =SUM(H27/'BASE CÁLCULO'!$B$13) -> 59.006211
G28: CO-6 | H28: 295 | I28: =SUM(H28/'BASE CÁLCULO'!$B$13) -> 61.076605
G29: CO-7 | H29: 305 | I29: =SUM(H29/'BASE CÁLCULO'!$B$13) -> 63.146998
C30: BASE DO ENCOSTO 0,90m | D30: 0.29 | E30: 0,624m | F30: BASE DO ENCOSTO | G30: CO-5 | H30: 325 | I30: =SUM(H30/'BASE CÁLCULO'!$B$13) -> 67.287785
G31: CO-6 | H31: 345 | I31: =SUM(H31/'BASE CÁLCULO'!$B$13) -> 71.428571
G32: CO-7 | H32: 360 | I32: =SUM(H32/'BASE CÁLCULO'!$B$13) -> 74.534161
C33: PUFF 0,32m | D33: 0,46m | E33: 1,00m | F33: PUFF | G33: CO-5 | H33: 620 | I33: =SUM(H33/'BASE CÁLCULO'!$B$13) -> 128.36439
G34: CO-6 | H34: 660 | I34: =SUM(H34/'BASE CÁLCULO'!$B$13) -> 136.64596
G35: CO-7 | H35: 695 | I35: =SUM(H35/'BASE CÁLCULO'!$B$13) -> 143.89234
C36: BRAÇO 0,24m | D36: 0,14m | E36: 0,76m | F36: BRAÇO | G36: CO-5 | H36: 255 | I36: =SUM(H36/'BASE CÁLCULO'!$B$13) -> 52.795031
G37: CO-6 | H37: 265 | I37: =SUM(H37/'BASE CÁLCULO'!$B$13) -> 54.865424
G38: CO-7 | H38: 280 | I38: =SUM(H38/'BASE CÁLCULO'!$B$13) -> 57.971014
B39: BALDUZZI | C39: 1 LUGAR COM BRAÇO 1,08m | D39: 0,90m | E39: 1,14m | F39: MÓDULO - 1 LUGAR COM BRAÇO - Assento s/bç: 0,75m | G39: CO-5 | H39: 2445 | I39: =SUM(H39/'BASE CÁLCULO'!$B$13) -> 506.21118
G40: CO-6 | H40: 2559 | I40: =SUM(H40/'BASE CÁLCULO'!$B$13) -> 529.81366
G41: CO-7 | H41: 2649 | I41: =SUM(H41/'BASE CÁLCULO'!$B$13) -> 548.4472
C42: 1 LUGAR COM BRAÇO 1,18m | D42: 0,90m | E42: 1,14m | F42: MÓDULO - 1 LUGAR COM BRAÇO - Assento s/bç: 0,85m | G42: CO-5 | H42: 2547 | I42: =SUM(H42/'BASE CÁLCULO'!$B$13) -> 527.32919
G43: CO-6 | H43: 2672 | I43: =SUM(H43/'BASE CÁLCULO'!$B$13) -> 553.20911
G44: CO-7 | H44: 2542 | I44: =SUM(H44/'BASE CÁLCULO'!$B$13) -> 526.294
C45: 1 LUGAR COM BRAÇO 1,28m | D45: 0,90m | E45: 1,14m | F45: MÓDULO - 1 LUGAR COM BRAÇO - Assento s/bç: 0,95m | G45: CO-5 | H45: 2660 | I45: =SUM(H45/'BASE CÁLCULO'!$B$13) -> 550.72464
G46: CO-6 | H46: 2786 | I46: =SUM(H46/'BASE CÁLCULO'!$B$13) -> 576.81159
G47: CO-7 | H47: 2898 | I47: =SUM(H47/'BASE CÁLCULO'!$B$13) -> 600
C48: 1 LUGAR SEM BRAÇO 0,75m | D48: 0,90m | E48: 1,14m | F48: MÓDULO - 1 LUGAR SEM BRAÇO - Assento s/bç: 0,75m | G48: CO-5 | H48: 2106 | I48: =SUM(H48/'BASE CÁLCULO'!$B$13) -> 436.02484
G49: CO-6 | H49: 2186 | I49: =SUM(H49/'BASE CÁLCULO'!$B$13) -> 452.58799
G50: CO-7 | H50: 2259 | I50: =SUM(H50/'BASE CÁLCULO'!$B$13) -> 467.70186
C51: 1 LUGAR SEM BRAÇO 0,85m | D51: 0,90m | E51: 1,14m | F51: MÓDULO - 1 LUGAR SEM BRAÇO - Assento s/bç: 0,85m | G51: CO-5 | H51: 2203 | I51: =SUM(H51/'BASE CÁLCULO'!$B$13) -> 456.10766
G52: CO-6 | H52: 2293 | I52: =SUM(H52/'BASE CÁLCULO'!$B$13) -> 474.7412
G53: CO-7 | H53: 2366 | I53: =SUM(H53/'BASE CÁLCULO'!$B$13) -> 489.85507
C54: 1 LUGAR SEM BRAÇO 0,95m | D54: 0,90m | E54: 1,14m | F54: MÓDULO - 1 LUGAR SEM BRAÇO - Assento s/bç: 0,95m | G54: CO-5 | H54: 2310 | I54: =SUM(H54/'BASE CÁLCULO'!$B$13) -> 478.26087
G55: CO-6 | H55: 2400 | I55: =SUM(H55/'BASE CÁLCULO'!$B$13) -> 496.89441
G56: CO-7 | H56: 2479 | I56: =SUM(H56/'BASE CÁLCULO'!$B$13) -> 513.25052
C57: CHAISE 1,08m | D57: 0,90m | E57: 1,59m | F57: MÓDULO CHAISE - Assento s/bç: 0,75m | G57: CO-5 | H57: 2808 | I57: =SUM(H57/'BASE CÁLCULO'!$B$13) -> 581.36646
G58: CO-6 | H58: 2955 | I58: =SUM(H58/'BASE CÁLCULO'!$B$13) -> 611.80124
G59: CO-7 | H59: 3074 | I59: =SUM(H59/'BASE CÁLCULO'!$B$13) -> 636.43892
C60: CHAISE 1,18m | D60: 0,90m | E60: 1,59m | F60: MÓDULO CHAISE - Assento s/bç: 0,85m | G60: CO-5 | H60: 2921 | I60: =SUM(H60/'BASE CÁLCULO'!$B$13) -> 604.7619
G61: CO-6 | H61: 3074 | I61: =SUM(H61/'BASE CÁLCULO'!$B$13) -> 636.43892
G62: CO-7 | H62: 3198 | I62: =SUM(H62/'BASE CÁLCULO'!$B$13) -> 662.1118
C63: CHAISE 1,28m | D63: 0,90m | E63: 1,59m | F63: MÓDULO CHAISE - Assento s/bç: 0,95m | G63: CO-5 | H63: 3045 | I63: =SUM(H63/'BASE CÁLCULO'!$B$13) -> 630.43478
G64: CO-6 | H64: 3198 | I64: =SUM(H64/'BASE CÁLCULO'!$B$13) -> 662.1118
G65: CO-7 | H65: 3323 | I65: =SUM(H65/'BASE CÁLCULO'!$B$13) -> 687.99172
C66: PUFF 1,14m | D66: 0,45m | E66: 1,14m | F66: PUFF | G66: CO-5 | H66: 1761 | I66: =SUM(H66/'BASE CÁLCULO'!$B$13) -> 364.59627
G67: CO-6 | H67: 1829 | I67: =SUM(H67/'BASE CÁLCULO'!$B$13) -> 378.67495
G68: CO-7 | H68: 1891 | I68: =SUM(H68/'BASE CÁLCULO'!$B$13) -> 391.51139
B69: INSIEME | C69: 2.24 | D69: 0.98 | E69: 1 | F69: BIPARTIDO - 2 ASSENTOS Assento s/bç: 0,90m | G69: CO-5 | H69: 7742 | I69: =SUM(H69/'BASE CÁLCULO'!$B$13) -> 1602.8986
G70: CO-6 | H70: 7991 | I70: =SUM(H70/'BASE CÁLCULO'!$B$13) -> 1654.4513
E71: 1.6 | G71: CO-7 | H71: 8183 | I71: =SUM(H71/'BASE CÁLCULO'!$B$13) -> 1694.2029
C72: 2.54 | D72: 0.98 | E72: 1 | F72: BIPARTIDO - 2 ASSENTOS Assento s/bç: 1,05m | G72: CO-5 | H72: 8252 | I72: =SUM(H72/'BASE CÁLCULO'!$B$13) -> 1708.4886
G73: CO-6 | H73: 8500 | I73: =SUM(H73/'BASE CÁLCULO'!$B$13) -> 1759.8344
E74: 1.6 | G74: CO-7 | H74: 8715 | I74: =SUM(H74/'BASE CÁLCULO'!$B$13) -> 1804.3478
C75: 2.84 | D75: 0.98 | E75: 1 | F75: BIPARTIDO - 2 ASSENTOS Assento s/bç: 1,20m | G75: CO-5 | H75: 8874 | I75: =SUM(H75/'BASE CÁLCULO'!$B$13) -> 1837.2671
G76: CO-6 | H76: 9157 | I76: =SUM(H76/'BASE CÁLCULO'!$B$13) -> 1895.8592
E77: 1.6 | G77: CO-7 | H77: 9383 | I77: =SUM(H77/'BASE CÁLCULO'!$B$13) -> 1942.6501
C78: 3.14 | D78: 0.98 | E78: 1 | F78: BIPARTIDO - 3 ASSENTOS Assento s/bç : 0,90m | G78: CO-5 | H78: 11392 | I78: =SUM(H78/'BASE CÁLCULO'!$B$13) -> 2358.5921
G79: CO-6 | H79: 11743 | I79: =SUM(H79/'BASE CÁLCULO'!$B$13) -> 2431.2629
E80: 1.6 | G80: CO-7 | H80: 12020 | I80: =SUM(H80/'BASE CÁLCULO'!$B$13) -> 2488.6128
C81: 3.59 | D81: 0.98 | E81: 1 | F81: BIPARTIDO - 3 ASSENTOS Assento s/bç : 1,05m | G81: CO-5 | H81: 12116 | I81: =SUM(H81/'BASE CÁLCULO'!$B$13) -> 2508.4886
G82: CO-6 | H82: 12473 | I82: =SUM(H82/'BASE CÁLCULO'!$B$13) -> 2582.4017
E83: 1.6 | G83: CO-7 | H83: 12778 | I83: =SUM(H83/'BASE CÁLCULO'!$B$13) -> 2645.5487
C84: 4.04 | D84: 0.98 | E84: 1 | F84: BIPARTIDO - 3 ASSENTOS Assento s/bç : 1,20m | G84: CO-5 | H84: 12999 | I84: =SUM(H84/'BASE CÁLCULO'!$B$13) -> 2691.3043
G85: CO-6 | H85: 13400 | I85: =SUM(H85/'BASE CÁLCULO'!$B$13) -> 2774.3271
E86: 1.6 | G86: CO-7 | H86: 13723 | I86: =SUM(H86/'BASE CÁLCULO'!$B$13) -> 2841.2008
B87: CORDERO | C87: 1.95 | D87: 0.78 | E87: 0.9 | F87: PEÇA ÚNICA Assentos s/bç: 1,69m | G87: CO-5 | H87: 2470 | I87: =SUM(H87/'BASE CÁLCULO'!$B$13) -> 511.38716
G88: CO-6 | H88: 2600 | I88: =SUM(H88/'BASE CÁLCULO'!$B$13) -> 538.30228
G89: CO-7 | H89: 2720 | I89: =SUM(H89/'BASE CÁLCULO'!$B$13) -> 563.147
C90: 2.15 | D90: 0.78 | E90: 0.9 | F90: PEÇA ÚNICA Assentos s/bç: 1,89m | G90: CO-5 | H90: 2720 | I90: =SUM(H90/'BASE CÁLCULO'!$B$13) -> 563.147
G91: CO-6 | H91: 2870 | I91: =SUM(H91/'BASE CÁLCULO'!$B$13) -> 594.2029
G92: CO-7 | H92: 2999 | I92: =SUM(H92/'BASE CÁLCULO'!$B$13) -> 620.91097
C93: 2.35 | D93: 0.78 | E93: 0.9 | F93: PEÇA ÚNICA Assentos s/bç: 2,09m | G93: CO-5 | H93: 2999 | I93: =SUM(H93/'BASE CÁLCULO'!$B$13) -> 620.91097
G94: CO-6 | H94: 3160 | I94: =SUM(H94/'BASE CÁLCULO'!$B$13) -> 654.24431
G95: CO-7 | H95: 3299 | I95: =SUM(H95/'BASE CÁLCULO'!$B$13) -> 683.02277
B96: BAROLO | C96: 1.9 | D96: 0.78 | E96: 0.96 | F96: PEÇA ÚNICA Assentos s/bç: 1,36m | G96: CO-5 | H96: 2536 | I96: =SUM(H96/'BASE CÁLCULO'!$B$13) -> 525.05176
G97: CO-6 | H97: 2700 | I97: =SUM(H97/'BASE CÁLCULO'!$B$13) -> 559.00621
G98: CO-7 | H98: 2842 | I98: =SUM(H98/'BASE CÁLCULO'!$B$13) -> 588.4058
C99: 2.4 | D99: 0.78 | E99: 0.96 | F99: PEÇA ÚNICA Assentos s/bç: 1,86m | G99: CO-5 | H99: 3018 | I99: =SUM(H99/'BASE CÁLCULO'!$B$13) -> 624.84472
G100: CO-6 | H100: 3226 | I100: =SUM(H100/'BASE CÁLCULO'!$B$13) -> 667.9089
...

Sheet BASE CÁLCULO
A1: TRANSPORTE
A2: CONTEINER 40' HC - CBMS | B2: 72
A3: CAMINHÃO | B3: 110
A11: COTAÇÃO
A12: Cotação Dólar | B12: 5.18 | D12: 5,77 Foi o dola ussado para os primeiros clientes
A13: COTAÇÃO UTILIZADA CÁCULO | B13: =SUM(B12-0.35) -> 4.83
A15: FOB PARANAGUÁ | B15: 14750
A16: FCA FÁBRICA | B16: 2000
A19: DESPESAS COM FRETE TERRESTE E DESPACHO ADUANEIRO|FOB Marítimo
A20: Frete até o Porto de Paranaguá | B20: 9500
A21: Despesas Portuárias de Registro e Documentos | B21: 3600
A22: Despesas c/ Despachante Aduaneiro | B22: 1650
A23: Despesas Courier | B23: 500
A24: TOTAL | B24: =SUM(B20:B23) -> 15250
