Workbook

Sheet EXW
A1: TABELA EXPORTAÇÃO - MOVELSUL 2026
A2: MODELO | C2: COMP. MONTADO | D2: PROF. MONTADO | E2: ALTURA MONTADO | F2: COMP (m) EMABALADO | G2: PROF (m) EMBALADO | H2: ALTURA (m) EMBALADO | I2: VOL (m³) | J2: QTD NO CAMINHÃO | K2: QTD NO CONTAINER | L2: COMPOSIÇÃO | M2: LINHA | N2: VALOR EM REAIS (UND) | O2: VALOR EM EXW (DÓLAR) (UND)
B3: BALDUZZI | C3: 1 LUGAR COM BRAÇO 1,08m | D3: 1.14 | E3: 0.9 | F3: 1.1 | G3: 1.16 | H3: 0.8 | I3: =F3*G3*H3 -> 1.0208 | J3: ='BASE DE CÁLCULO'!$B$3/EXW!$I3 -> 107.75862 | K3: ='BASE DE CÁLCULO'!$B$2/EXW!$I3 -> 70.532915 | L3: MÓDULO - 1 LUGAR COMBRAÇO - Assento s/bç: 0,75m | M3: TC-10 | N3: 1395 | O3: =SUM(N3/'BASE DE CÁLCULO'!$B$13) -> 288.81988
F4: 1.1 | G4: 1.16 | H4: 0.8 | I4: =F4*G4*H4 -> 1.0208 | J4: ='BASE DE CÁLCULO'!$B$3/EXW!$I4 -> 107.75862 | K4: ='BASE DE CÁLCULO'!$B$2/EXW!$I4 -> 70.532915 | M4: TC-12 | N4: 1361 | O4: =SUM(N4/'BASE DE CÁLCULO'!$B$13) -> 281.78054
F5: 1.1 | G5: 1.16 | H5: 0.8 | I5: =F5*G5*H5 -> 1.0208 | J5: ='BASE DE CÁLCULO'!$B$3/EXW!$I5 -> 107.75862 | K5: ='BASE DE CÁLCULO'!$B$2/EXW!$I5 -> 70.532915 | M5: TC-13 | N5: 1415 | O5: =SUM(N5/'BASE DE CÁLCULO'!$B$13) -> 292.96066
F6: 1.1 | G6: 1.16 | H6: 0.8 | I6: =F6*G6*H6 -> 1.0208 | J6: ='BASE DE CÁLCULO'!$B$3/EXW!$I6 -> 107.75862 | K6: ='BASE DE CÁLCULO'!$B$2/EXW!$I6 -> 70.532915 | M6: TC-14 | N6: 1440 | O6: =SUM(N6/'BASE DE CÁLCULO'!$B$13) -> 298.13665
F7: 1.1 | G7: 1.16 | H7: 0.8 | I7: =F7*G7*H7 -> 1.0208 | J7: ='BASE DE CÁLCULO'!$B$3/EXW!$I7 -> 107.75862 | K7: ='BASE DE CÁLCULO'!$B$2/EXW!$I7 -> 70.532915 | M7: TC-16 | N7: 1495 | O7: =SUM(N7/'BASE DE CÁLCULO'!$B$13) -> 309.52381
C8: 1 LUGAR COM BRAÇO 1,18m | D8: 1.14 | E8: 0.9 | F8: 1.2 | G8: 1.16 | H8: 0.8 | I8: =F8*G8*H8 -> 1.1136 | J8: ='BASE DE CÁLCULO'!$B$3/EXW!$I8 -> 98.778736 | K8: ='BASE DE CÁLCULO'!$B$2/EXW!$I8 -> 64.655172 | L8: MÓDULO - 1 LUGAR COMBRAÇO - Assento s/bç: 0,85m | M8: TC-10 | N8: 1455 | O8: =SUM(N8/'BASE DE CÁLCULO'!$B$13) -> 301.24224
F9: 1.2 | G9: 1.16 | H9: 0.8 | I9: =F9*G9*H9 -> 1.1136 | J9: ='BASE DE CÁLCULO'!$B$3/EXW!$I9 -> 98.778736 | K9: ='BASE DE CÁLCULO'!$B$2/EXW!$I9 -> 64.655172 | M9: TC-12 | N9: 1415 | O9: =SUM(N9/'BASE DE CÁLCULO'!$B$13) -> 292.96066
F10: 1.2 | G10: 1.16 | H10: 0.8 | I10: =F10*G10*H10 -> 1.1136 | J10: ='BASE DE CÁLCULO'!$B$3/EXW!$I10 -> 98.778736 | K10: ='BASE DE CÁLCULO'!$B$2/EXW!$I10 -> 64.655172 | M10: TC-13 | N10: 1475 | O10: =SUM(N10/'BASE DE CÁLCULO'!$B$13) -> 305.38302
F11: 1.2 | G11: 1.16 | H11: 0.8 | I11: =F11*G11*H11 -> 1.1136 | J11: ='BASE DE CÁLCULO'!$B$3/EXW!$I11 -> 98.778736 | K11: ='BASE DE CÁLCULO'!$B$2/EXW!$I11 -> 64.655172 | M11: TC-14 | N11: 1505 | O11: =SUM(N11/'BASE DE CÁLCULO'!$B$13) -> 311.5942
F12: 1.2 | G12: 1.16 | H12: 0.8 | I12: =F12*G12*H12 -> 1.1136 | J12: ='BASE DE CÁLCULO'!$B$3/EXW!$I12 -> 98.778736 | K12: ='BASE DE CÁLCULO'!$B$2/EXW!$I12 -> 64.655172 | M12: TC-16 | N12: 1565 | O12: =SUM(N12/'BASE DE CÁLCULO'!$B$13) -> 324.01656
C13: 1 LUGAR COM BRAÇO 1,28m | D13: 1.14 | E13: 0.9 | F13: 1.3 | G13: 1.16 | H13: 0.8 | I13: =F13*G13*H13 -> 1.2064 | J13: ='BASE DE CÁLCULO'!$B$3/EXW!$I13 -> 91.180371 | K13: ='BASE DE CÁLCULO'!$B$2/EXW!$I13 -> 59.681698 | L13: MÓDULO - 1 LUGAR COMBRAÇO - Assento s/bç: 0,95m | M13: TC-10 | N13: 1505 | O13: =SUM(N13/'BASE DE CÁLCULO'!$B$13) -> 311.5942
F14: 1.3 | G14: 1.16 | H14: 0.8 | I14: =F14*G14*H14 -> 1.2064 | J14: ='BASE DE CÁLCULO'!$B$3/EXW!$I14 -> 91.180371 | K14: ='BASE DE CÁLCULO'!$B$2/EXW!$I14 -> 59.681698 | M14: TC-12 | N14: 1470 | O14: =SUM(N14/'BASE DE CÁLCULO'!$B$13) -> 304.34783
F15: 1.3 | G15: 1.16 | H15: 0.8 | I15: =F15*G15*H15 -> 1.2064 | J15: ='BASE DE CÁLCULO'!$B$3/EXW!$I15 -> 91.180371 | K15: ='BASE DE CÁLCULO'!$B$2/EXW!$I15 -> 59.681698 | M15: TC-13 | N15: 1530 | O15: =SUM(N15/'BASE DE CÁLCULO'!$B$13) -> 316.77019
F16: 1.3 | G16: 1.16 | H16: 0.8 | I16: =F16*G16*H16 -> 1.2064 | J16: ='BASE DE CÁLCULO'!$B$3/EXW!$I16 -> 91.180371 | K16: ='BASE DE CÁLCULO'!$B$2/EXW!$I16 -> 59.681698 | M16: TC-14 | N16: 1560 | O16: =SUM(N16/'BASE DE CÁLCULO'!$B$13) -> 322.98137
F17: 1.3 | G17: 1.16 | H17: 0.8 | I17: =F17*G17*H17 -> 1.2064 | J17: ='BASE DE CÁLCULO'!$B$3/EXW!$I17 -> 91.180371 | K17: ='BASE DE CÁLCULO'!$B$2/EXW!$I17 -> 59.681698 | M17: TC-16 | N17: 1620 | O17: =SUM(N17/'BASE DE CÁLCULO'!$B$13) -> 335.40373
C18: 1 LUGAR SEM BRAÇO 0,75m | D18: 1.14 | E18: 0.9 | F18: 0.77 | G18: 1.16 | H18: 0.8 | I18: =F18*G18*H18 -> 0.71456 | J18: ='BASE DE CÁLCULO'!$B$3/EXW!$I18 -> 153.94089 | K18: ='BASE DE CÁLCULO'!$B$2/EXW!$I18 -> 100.76131 | L18: MÓDULO - 1 LUGAR SEMBRAÇO - Assento s/bç: 0,75m | M18: TC-10 | N18: 1230 | O18: =SUM(N18/'BASE DE CÁLCULO'!$B$13) -> 254.65839
F19: 0.77 | G19: 1.16 | H19: 0.8 | I19: =F19*G19*H19 -> 0.71456 | J19: ='BASE DE CÁLCULO'!$B$3/EXW!$I19 -> 153.94089 | K19: ='BASE DE CÁLCULO'!$B$2/EXW!$I19 -> 100.76131 | M19: TC-12 | N19: 1205 | O19: =SUM(N19/'BASE DE CÁLCULO'!$B$13) -> 249.4824
F20: 0.77 | G20: 1.16 | H20: 0.8 | I20: =F20*G20*H20 -> 0.71456 | J20: ='BASE DE CÁLCULO'!$B$3/EXW!$I20 -> 153.94089 | K20: ='BASE DE CÁLCULO'!$B$2/EXW!$I20 -> 100.76131 | M20: TC-13 | N20: 1250 | O20: =SUM(N20/'BASE DE CÁLCULO'!$B$13) -> 258.79917
F21: 0.77 | G21: 1.16 | H21: 0.8 | I21: =F21*G21*H21 -> 0.71456 | J21: ='BASE DE CÁLCULO'!$B$3/EXW!$I21 -> 153.94089 | K21: ='BASE DE CÁLCULO'!$B$2/EXW!$I21 -> 100.76131 | M21: TC-14 | N21: 1265 | O21: =SUM(N21/'BASE DE CÁLCULO'!$B$13) -> 261.90476
F22: 0.77 | G22: 1.16 | H22: 0.8 | I22: =F22*G22*H22 -> 0.71456 | J22: ='BASE DE CÁLCULO'!$B$3/EXW!$I22 -> 153.94089 | K22: ='BASE DE CÁLCULO'!$B$2/EXW!$I22 -> 100.76131 | M22: TC-16 | N22: 1305 | O22: =SUM(N22/'BASE DE CÁLCULO'!$B$13) -> 270.18634
C23: 1 LUGAR SEM BRAÇO 0,85m | D23: 1.14 | E23: 0.9 | F23: 0.87 | G23: 1.16 | H23: 0.8 | I23: =F23*G23*H23 -> 0.80736 | J23: ='BASE DE CÁLCULO'!$B$3/EXW!$I23 -> 136.24653 | K23: ='BASE DE CÁLCULO'!$B$2/EXW!$I23 -> 89.179548 | L23: MÓDULO - 1 LUGAR SEMBRAÇO - Assento s/bç: 0,85m | M23: TC-10 | N23: 1285 | O23: =SUM(N23/'BASE DE CÁLCULO'!$B$13) -> 266.04555
F24: 0.87 | G24: 1.16 | H24: 0.8 | I24: =F24*G24*H24 -> 0.80736 | J24: ='BASE DE CÁLCULO'!$B$3/EXW!$I24 -> 136.24653 | K24: ='BASE DE CÁLCULO'!$B$2/EXW!$I24 -> 89.179548 | M24: TC-12 | N24: 1255 | O24: =SUM(N24/'BASE DE CÁLCULO'!$B$13) -> 259.83437
F25: 0.87 | G25: 1.16 | H25: 0.8 | I25: =F25*G25*H25 -> 0.80736 | J25: ='BASE DE CÁLCULO'!$B$3/EXW!$I25 -> 136.24653 | K25: ='BASE DE CÁLCULO'!$B$2/EXW!$I25 -> 89.179548 | M25: TC-13 | N25: 1299 | O25: =SUM(N25/'BASE DE CÁLCULO'!$B$13) -> 268.9441
F26: 0.87 | G26: 1.16 | H26: 0.8 | I26: =F26*G26*H26 -> 0.80736 | J26: ='BASE DE CÁLCULO'!$B$3/EXW!$I26 -> 136.24653 | K26: ='BASE DE CÁLCULO'!$B$2/EXW!$I26 -> 89.179548 | M26: TC-14 | N26: 1320 | O26: =SUM(N26/'BASE DE CÁLCULO'!$B$13) -> 273.29193
F27: 0.87 | G27: 1.16 | H27: 0.8 | I27: =F27*G27*H27 -> 0.80736 | J27: ='BASE DE CÁLCULO'!$B$3/EXW!$I27 -> 136.24653 | K27: ='BASE DE CÁLCULO'!$B$2/EXW!$I27 -> 89.179548 | M27: TC-16 | N27: 1365 | O27: =SUM(N27/'BASE DE CÁLCULO'!$B$13) -> 282.6087
C28: 1 LUGAR SEM BRAÇO 0,95m | D28: 1.14 | E28: 0.9 | F28: 0.97 | G28: 1.16 | H28: 0.8 | I28: =F28*G28*H28 -> 0.90016 | J28: ='BASE DE CÁLCULO'!$B$3/EXW!$I28 -> 122.2005 | K28: ='BASE DE CÁLCULO'!$B$2/EXW!$I28 -> 79.98578 | L28: MÓDULO - 1 LUGAR SEMBRAÇO - Assento s/bç: 0,95m | M28: TC-10 | N28: 1340 | O28: =SUM(N28/'BASE DE CÁLCULO'!$B$13) -> 277.43271
F29: 0.97 | G29: 1.16 | H29: 0.8 | I29: =F29*G29*H29 -> 0.90016 | J29: ='BASE DE CÁLCULO'!$B$3/EXW!$I29 -> 122.2005 | K29: ='BASE DE CÁLCULO'!$B$2/EXW!$I29 -> 79.98578 | M29: TC-12 | N29: 1310 | O29: =SUM(N29/'BASE DE CÁLCULO'!$B$13) -> 271.22153
F30: 0.97 | G30: 1.16 | H30: 0.8 | I30: =F30*G30*H30 -> 0.90016 | J30: ='BASE DE CÁLCULO'!$B$3/EXW!$I30 -> 122.2005 | K30: ='BASE DE CÁLCULO'!$B$2/EXW!$I30 -> 79.98578 | M30: TC-13 | N30: 1360 | O30: =SUM(N30/'BASE DE CÁLCULO'!$B$13) -> 281.5735
F31: 0.97 | G31: 1.16 | H31: 0.8 | I31: =F31*G31*H31 -> 0.90016 | J31: ='BASE DE CÁLCULO'!$B$3/EXW!$I31 -> 122.2005 | K31: ='BASE DE CÁLCULO'!$B$2/EXW!$I31 -> 79.98578 | M31: TC-14 | N31: 1380 | O31: =SUM(N31/'BASE DE CÁLCULO'!$B$13) -> 285.71429
F32: 0.97 | G32: 1.16 | H32: 0.8 | I32: =F32*G32*H32 -> 0.90016 | J32: ='BASE DE CÁLCULO'!$B$3/EXW!$I32 -> 122.2005 | K32: ='BASE DE CÁLCULO'!$B$2/EXW!$I32 -> 79.98578 | M32: TC-16 | N32: 1430 | O32: =SUM(N32/'BASE DE CÁLCULO'!$B$13) -> 296.06625
C33: CHAISE 1,08m | D33: 1.59 | E33: 0.9 | F33: 1.1 | G33: 1.61 | H33: 0.8 | I33: =F33*G33*H33 -> 1.4168 | J33: ='BASE DE CÁLCULO'!$B$3/EXW!$I33 -> 77.639752 | K33: ='BASE DE CÁLCULO'!$B$2/EXW!$I33 -> 50.818746 | L33: MÓDULO CHAISE - Assento s/bç: 0,75m | M33: TC-10 | N33: 1550 | O33: =SUM(N33/'BASE DE CÁLCULO'!$B$13) -> 320.91097
F34: 1.1 | G34: 1.61 | H34: 0.8 | I34: =F34*G34*H34 -> 1.4168 | J34: ='BASE DE CÁLCULO'!$B$3/EXW!$I34 -> 77.639752 | K34: ='BASE DE CÁLCULO'!$B$2/EXW!$I34 -> 50.818746 | M34: TC-12 | N34: 1510 | O34: =SUM(N34/'BASE DE CÁLCULO'!$B$13) -> 312.6294
F35: 1.1 | G35: 1.61 | H35: 0.8 | I35: =F35*G35*H35 -> 1.4168 | J35: ='BASE DE CÁLCULO'!$B$3/EXW!$I35 -> 77.639752 | K35: ='BASE DE CÁLCULO'!$B$2/EXW!$I35 -> 50.818746 | M35: TC-13 | N35: 1570 | O35: =SUM(N35/'BASE DE CÁLCULO'!$B$13) -> 325.05176
F36: 1.1 | G36: 1.61 | H36: 0.8 | I36: =F36*G36*H36 -> 1.4168 | J36: ='BASE DE CÁLCULO'!$B$3/EXW!$I36 -> 77.639752 | K36: ='BASE DE CÁLCULO'!$B$2/EXW!$I36 -> 50.818746 | M36: TC-14 | N36: 1599 | O36: =SUM(N36/'BASE DE CÁLCULO'!$B$13) -> 331.0559
F37: 1.1 | G37: 1.61 | H37: 0.8 | I37: =F37*G37*H37 -> 1.4168 | J37: ='BASE DE CÁLCULO'!$B$3/EXW!$I37 -> 77.639752 | K37: ='BASE DE CÁLCULO'!$B$2/EXW!$I37 -> 50.818746 | M37: TC-16 | N37: 1670 | O37: =SUM(N37/'BASE DE CÁLCULO'!$B$13) -> 345.75569
C38: CHAISE 1,18m | D38: 1.59 | E38: 0.9 | F38: 1.2 | G38: 1.61 | H38: 0.8 | I38: =F38*G38*H38 -> 1.5456 | J38: ='BASE DE CÁLCULO'!$B$3/EXW!$I38 -> 71.169772 | K38: ='BASE DE CÁLCULO'!$B$2/EXW!$I38 -> 46.583851 | L38: MÓDULO CHAISE - Assento s/bç: 0,85m | M38: TC-10 | N38: 1610 | O38: =SUM(N38/'BASE DE CÁLCULO'!$B$13) -> 333.33333
F39: 1.2 | G39: 1.61 | H39: 0.8 | I39: =F39*G39*H39 -> 1.5456 | J39: ='BASE DE CÁLCULO'!$B$3/EXW!$I39 -> 71.169772 | K39: ='BASE DE CÁLCULO'!$B$2/EXW!$I39 -> 46.583851 | M39: TC-12 | N39: 1570 | O39: =SUM(N39/'BASE DE CÁLCULO'!$B$13) -> 325.05176
F40: 1.2 | G40: 1.61 | H40: 0.8 | I40: =F40*G40*H40 -> 1.5456 | J40: ='BASE DE CÁLCULO'!$B$3/EXW!$I40 -> 71.169772 | K40: ='BASE DE CÁLCULO'!$B$2/EXW!$I40 -> 46.583851 | M40: TC-13 | N40: 1640 | O40: =SUM(N40/'BASE DE CÁLCULO'!$B$13) -> 339.54451
F41: 1.2 | G41: 1.61 | H41: 0.8 | I41: =F41*G41*H41 -> 1.5456 | J41: ='BASE DE CÁLCULO'!$B$3/EXW!$I41 -> 71.169772 | K41: ='BASE DE CÁLCULO'!$B$2/EXW!$I41 -> 46.583851 | M41: TC-14 | N41: 1670 | O41: =SUM(N41/'BASE DE CÁLCULO'!$B$13) -> 345.75569
F42: 1.2 | G42: 1.61 | H42: 0.8 | I42: =F42*G42*H42 -> 1.5456 | J42: ='BASE DE CÁLCULO'!$B$3/EXW!$I42 -> 71.169772 | K42: ='BASE DE CÁLCULO'!$B$2/EXW!$I42 -> 46.583851 | M42: TC-16 | N42: 1730 | O42: =SUM(N42/'BASE DE CÁLCULO'!$B$13) -> 358.17805
C43: CHAISE 1,28m | D43: 1.59 | E43: 0.9 | F43: 1.3 | G43: 1.61 | H43: 0.8 | I43: =F43*G43*H43 -> 1.6744 | J43: ='BASE DE CÁLCULO'!$B$3/EXW!$I43 -> 65.695174 | K43: ='BASE DE CÁLCULO'!$B$2/EXW!$I43 -> 43.000478 | L43: MÓDULO CHAISE - Assento s/bç: 0,95m | M43: TC-10 | N43: 1675 | O43: =SUM(N43/'BASE DE CÁLCULO'!$B$13) -> 346.79089
F44: 1.3 | G44: 1.61 | H44: 0.8 | I44: =F44*G44*H44 -> 1.6744 | J44: ='BASE DE CÁLCULO'!$B$3/EXW!$I44 -> 65.695174 | K44: ='BASE DE CÁLCULO'!$B$2/EXW!$I44 -> 43.000478 | M44: TC-12 | N44: 1630 | O44: =SUM(N44/'BASE DE CÁLCULO'!$B$13) -> 337.47412
F45: 1.3 | G45: 1.61 | H45: 0.8 | I45: =F45*G45*H45 -> 1.6744 | J45: ='BASE DE CÁLCULO'!$B$3/EXW!$I45 -> 65.695174 | K45: ='BASE DE CÁLCULO'!$B$2/EXW!$I45 -> 43.000478 | M45: TC-13 | N45: 1700 | O45: =SUM(N45/'BASE DE CÁLCULO'!$B$13) -> 351.96687
F46: 1.3 | G46: 1.61 | H46: 0.8 | I46: =F46*G46*H46 -> 1.6744 | J46: ='BASE DE CÁLCULO'!$B$3/EXW!$I46 -> 65.695174 | K46: ='BASE DE CÁLCULO'!$B$2/EXW!$I46 -> 43.000478 | M46: TC-14 | N46: 1735 | O46: =SUM(N46/'BASE DE CÁLCULO'!$B$13) -> 359.21325
F47: 1.3 | G47: 1.61 | H47: 0.8 | I47: =F47*G47*H47 -> 1.6744 | J47: ='BASE DE CÁLCULO'!$B$3/EXW!$I47 -> 65.695174 | K47: ='BASE DE CÁLCULO'!$B$2/EXW!$I47 -> 43.000478 | M47: TC-16 | N47: 1800 | O47: =SUM(N47/'BASE DE CÁLCULO'!$B$13) -> 372.67081
C48: PUFF 1,14m | D48: 1.14 | E48: 0.45 | F48: 1.16 | G48: 1.16 | H48: 0.47 | I48: =F48*G48*H48 -> 0.632432 | J48: ='BASE DE CÁLCULO'!$B$3/EXW!$I48 -> 173.93174 | K48: ='BASE DE CÁLCULO'!$B$2/EXW!$I48 -> 113.84623 | L48: PUFF | M48: TC-10 | N48: 750 | O48: =SUM(N48/'BASE DE CÁLCULO'!$B$13) -> 155.2795
F49: 1.16 | G49: 1.16 | H49: 0.47 | I49: =F49*G49*H49 -> 0.632432 | J49: ='BASE DE CÁLCULO'!$B$3/EXW!$I49 -> 173.93174 | K49: ='BASE DE CÁLCULO'!$B$2/EXW!$I49 -> 113.84623 | M49: TC-12 | N49: 730 | O49: =SUM(N49/'BASE DE CÁLCULO'!$B$13) -> 151.13872
F50: 1.16 | G50: 1.16 | H50: 0.47 | I50: =F50*G50*H50 -> 0.632432 | J50: ='BASE DE CÁLCULO'!$B$3/EXW!$I50 -> 173.93174 | K50: ='BASE DE CÁLCULO'!$B$2/EXW!$I50 -> 113.84623 | M50: TC-13 | N50: 760 | O50: =SUM(N50/'BASE DE CÁLCULO'!$B$13) -> 157.3499
F51: 1.16 | G51: 1.16 | H51: 0.47 | I51: =F51*G51*H51 -> 0.632432 | J51: ='BASE DE CÁLCULO'!$B$3/EXW!$I51 -> 173.93174 | K51: ='BASE DE CÁLCULO'!$B$2/EXW!$I51 -> 113.84623 | M51: TC-14 | N51: 780 | O51: =SUM(N51/'BASE DE CÁLCULO'!$B$13) -> 161.49068
F52: 1.16 | G52: 1.16 | H52: 0.47 | I52: =F52*G52*H52 -> 0.632432 | J52: ='BASE DE CÁLCULO'!$B$3/EXW!$I52 -> 173.93174 | K52: ='BASE DE CÁLCULO'!$B$2/EXW!$I52 -> 113.84623 | M52: TC-16 | N52: 800 | O52: =SUM(N52/'BASE DE CÁLCULO'!$B$13) -> 165.63147
B53: LORIENT | C53: 2.1 | D53: F:1,13 A:1,60 | E53: 1.06 | F53: 2.12 | G53: 1.15 | H53: 0.75 | I53: =F53*G53*H53 -> 1.8285 | J53: ='BASE DE CÁLCULO'!$B$3/EXW!$I53 -> 60.1586 | K53: ='BASE DE CÁLCULO'!$B$2/EXW!$I53 -> 39.376538 | L53: PEÇA ÚNICA - 2 ASSENTOS | M53: TC-10 | N53: 1651 | O53: =SUM(N53/'BASE DE CÁLCULO'!$B$13) -> 341.82195
F54: 2.12 | G54: 1.15 | H54: 0.75 | I54: =F54*G54*H54 -> 1.8285 | J54: ='BASE DE CÁLCULO'!$B$3/EXW!$I54 -> 60.1586 | K54: ='BASE DE CÁLCULO'!$B$2/EXW!$I54 -> 39.376538 | M54: TC-12 | N54: 1547 | O54: =SUM(N54/'BASE DE CÁLCULO'!$B$13) -> 320.28986
F55: 2.12 | G55: 1.15 | H55: 0.75 | I55: =F55*G55*H55 -> 1.8285 | J55: ='BASE DE CÁLCULO'!$B$3/EXW!$I55 -> 60.1586 | K55: ='BASE DE CÁLCULO'!$B$2/EXW!$I55 -> 39.376538 | M55: TC-13 | N55: 1719 | O55: =SUM(N55/'BASE DE CÁLCULO'!$B$13) -> 355.90062
F56: 2.12 | G56: 1.15 | H56: 0.75 | I56: =F56*G56*H56 -> 1.8285 | J56: ='BASE DE CÁLCULO'!$B$3/EXW!$I56 -> 60.1586 | K56: ='BASE DE CÁLCULO'!$B$2/EXW!$I56 -> 39.376538 | M56: TC-14 | N56: 1812 | O56: =SUM(N56/'BASE DE CÁLCULO'!$B$13) -> 375.15528
F57: 2.12 | G57: 1.15 | H57: 0.75 | I57: =F57*G57*H57 -> 1.8285 | J57: ='BASE DE CÁLCULO'!$B$3/EXW!$I57 -> 60.1586 | K57: ='BASE DE CÁLCULO'!$B$2/EXW!$I57 -> 39.376538 | M57: TC-16 | N57: 1885 | O57: =SUM(N57/'BASE DE CÁLCULO'!$B$13) -> 390.26915
C58: 2.3 | D58: F:1,13 A:1,60 | E58: 1.06 | F58: 2.32 | G58: 1.15 | H58: 0.75 | I58: =F58*G58*H58 -> 2.001 | J58: ='BASE DE CÁLCULO'!$B$3/EXW!$I58 -> 54.972514 | K58: ='BASE DE CÁLCULO'!$B$2/EXW!$I58 -> 35.982009 | L58: PEÇA ÚNICA - 2 ASSENTOS | M58: TC-10 | N58: 1766 | O58: =SUM(N58/'BASE DE CÁLCULO'!$B$13) -> 365.63147
F59: 2.32 | G59: 1.15 | H59: 0.75 | I59: =F59*G59*H59 -> 2.001 | J59: ='BASE DE CÁLCULO'!$B$3/EXW!$I59 -> 54.972514 | K59: ='BASE DE CÁLCULO'!$B$2/EXW!$I59 -> 35.982009 | M59: TC-12 | N59: 1662 | O59: =SUM(N59/'BASE DE CÁLCULO'!$B$13) -> 344.09938
F60: 2.32 | G60: 1.15 | H60: 0.75 | I60: =F60*G60*H60 -> 2.001 | J60: ='BASE DE CÁLCULO'!$B$3/EXW!$I60 -> 54.972514 | K60: ='BASE DE CÁLCULO'!$B$2/EXW!$I60 -> 35.982009 | M60: TC-13 | N60: 1833 | O60: =SUM(N60/'BASE DE CÁLCULO'!$B$13) -> 379.50311
F61: 2.32 | G61: 1.15 | H61: 0.75 | I61: =F61*G61*H61 -> 2.001 | J61: ='BASE DE CÁLCULO'!$B$3/EXW!$I61 -> 54.972514 | K61: ='BASE DE CÁLCULO'!$B$2/EXW!$I61 -> 35.982009 | M61: TC-14 | N61: 1926 | O61: =SUM(N61/'BASE DE CÁLCULO'!$B$13) -> 398.75776
F62: 2.32 | G62: 1.15 | H62: 0.75 | I62: =F62*G62*H62 -> 2.001 | J62: ='BASE DE CÁLCULO'!$B$3/EXW!$I62 -> 54.972514 | K62: ='BASE DE CÁLCULO'!$B$2/EXW!$I62 -> 35.982009 | M62: TC-16 | N62: 2005 | O62: =SUM(N62/'BASE DE CÁLCULO'!$B$13) -> 415.11387
C63: 2.5 | D63: F:1,13 A:1,60 | E63: 1.06 | F63: 2.52 | G63: 1.15 | H63: 0.75 | I63: =F63*G63*H63 -> 2.1735 | J63: ='BASE DE CÁLCULO'!$B$3/EXW!$I63 -> 50.609616 | K63: ='BASE DE CÁLCULO'!$B$2/EXW!$I63 -> 33.126294 | L63: PEÇA ÚNICA - 2 ASSENTOS | M63: TC-10 | N63: 1914 | O63: =SUM(N63/'BASE DE CÁLCULO'!$B$13) -> 396.27329
F64: 2.52 | G64: 1.15 | H64: 0.75 | I64: =F64*G64*H64 -> 2.1735 | J64: ='BASE DE CÁLCULO'!$B$3/EXW!$I64 -> 50.609616 | K64: ='BASE DE CÁLCULO'!$B$2/EXW!$I64 -> 33.126294 | M64: TC-12 | N64: 1788 | O64: =SUM(N64/'BASE DE CÁLCULO'!$B$13) -> 370.18634
F65: 2.52 | G65: 1.15 | H65: 0.75 | I65: =F65*G65*H65 -> 2.1735 | J65: ='BASE DE CÁLCULO'!$B$3/EXW!$I65 -> 50.609616 | K65: ='BASE DE CÁLCULO'!$B$2/EXW!$I65 -> 33.126294 | M65: TC-13 | N65: 1983 | O65: =SUM(N65/'BASE DE CÁLCULO'!$B$13) -> 410.55901
F66: 2.52 | G66: 1.15 | H66: 0.75 | I66: =F66*G66*H66 -> 2.1735 | J66: ='BASE DE CÁLCULO'!$B$3/EXW!$I66 -> 50.609616 | K66: ='BASE DE CÁLCULO'!$B$2/EXW!$I66 -> 33.126294 | M66: TC-14 | N66: 2087 | O66: =SUM(N66/'BASE DE CÁLCULO'!$B$13) -> 432.0911
F67: 2.52 | G67: 1.15 | H67: 0.75 | I67: =F67*G67*H67 -> 2.1735 | J67: ='BASE DE CÁLCULO'!$B$3/EXW!$I67 -> 50.609616 | K67: ='BASE DE CÁLCULO'!$B$2/EXW!$I67 -> 33.126294 | M67: TC-16 | N67: 2170 | O67: =SUM(N67/'BASE DE CÁLCULO'!$B$13) -> 449.27536
C68: 2.5 | D68: F:1,13 A:1,60 | E68: 1.06 | F68: 1.27 | G68: 1.15 | H68: 0.75 | I68: =F68*G68*H68 -> 1.095375 | J68: ='BASE DE CÁLCULO'!$B$3/EXW!$I68 -> 100.42223 | K68: ='BASE DE CÁLCULO'!$B$2/EXW!$I68 -> 65.730914 | L68: BIPARTIDO - 2 ASSENTOS | M68: TC-10 | N68: 2051 | O68: =SUM(N68/'BASE DE CÁLCULO'!$B$13) -> 424.63768
F69: 1.27 | G69: 1.15 | H69: 0.75 | I69: =F69*G69*H69 -> 1.095375 | J69: ='BASE DE CÁLCULO'!$B$3/EXW!$I69 -> 100.42223 | K69: ='BASE DE CÁLCULO'!$B$2/EXW!$I69 -> 65.730914 | M69: TC-12 | N69: 1926 | O69: =SUM(N69/'BASE DE CÁLCULO'!$B$13) -> 398.75776
F70: 1.27 | G70: 1.15 | H70: 0.75 | I70: =F70*G70*H70 -> 1.095375 | J70: ='BASE DE CÁLCULO'!$B$3/EXW!$I70 -> 100.42223 | K70: ='BASE DE CÁLCULO'!$B$2/EXW!$I70 -> 65.730914 | M70: TC-13 | N70: 2131 | O70: =SUM(N70/'BASE DE CÁLCULO'!$B$13) -> 441.20083
F71: 1.27 | G71: 1.15 | H71: 0.75 | I71: =F71*G71*H71 -> 1.095375 | J71: ='BASE DE CÁLCULO'!$B$3/EXW!$I71 -> 100.42223 | K71: ='BASE DE CÁLCULO'!$B$2/EXW!$I71 -> 65.730914 | M71: TC-14 | N71: 2235 | O71: =SUM(N71/'BASE DE CÁLCULO'!$B$13) -> 462.73292
F72: 1.27 | G72: 1.15 | H72: 0.75 | I72: =F72*G72*H72 -> 1.095375 | J72: ='BASE DE CÁLCULO'!$B$3/EXW!$I72 -> 100.42223 | K72: ='BASE DE CÁLCULO'!$B$2/EXW!$I72 -> 65.730914 | M72: TC-16 | N72: 2325 | O72: =SUM(N72/'BASE DE CÁLCULO'!$B$13) -> 481.36646
C73: 2.8 | D73: F:1,13 A:1,60 | E73: 1.06 | F73: 1.42 | G73: 1.15 | H73: 0.75 | I73: =F73*G73*H73 -> 1.22475 | J73: ='BASE DE CÁLCULO'!$B$3/EXW!$I73 -> 89.814248 | K73: ='BASE DE CÁLCULO'!$B$2/EXW!$I73 -> 58.787508 | L73: BIPARTIDO - 2 ASSENTOS | M73: TC-10 | N73: 2326 | O73: =SUM(N73/'BASE DE CÁLCULO'!$B$13) -> 481.5735
F74: 1.42 | G74: 1.15 | H74: 0.75 | I74: =F74*G74*H74 -> 1.22475 | J74: ='BASE DE CÁLCULO'!$B$3/EXW!$I74 -> 89.814248 | K74: ='BASE DE CÁLCULO'!$B$2/EXW!$I74 -> 58.787508 | M74: TC-12 | N74: 2190 | O74: =SUM(N74/'BASE DE CÁLCULO'!$B$13) -> 453.41615
F75: 1.42 | G75: 1.15 | H75: 0.75 | I75: =F75*G75*H75 -> 1.22475 | J75: ='BASE DE CÁLCULO'!$B$3/EXW!$I75 -> 89.814248 | K75: ='BASE DE CÁLCULO'!$B$2/EXW!$I75 -> 58.787508 | M75: TC-13 | N75: 2418 | O75: =SUM(N75/'BASE DE CÁLCULO'!$B$13) -> 500.62112
F76: 1.42 | G76: 1.15 | H76: 0.75 | I76: =F76*G76*H76 -> 1.22475 | J76: ='BASE DE CÁLCULO'!$B$3/EXW!$I76 -> 89.814248 | K76: ='BASE DE CÁLCULO'!$B$2/EXW!$I76 -> 58.787508 | M76: TC-14 | N76: 2533 | O76: =SUM(N76/'BASE DE CÁLCULO'!$B$13) -> 524.43064
F77: 1.42 | G77: 1.15 | H77: 0.75 | I77: =F77*G77*H77 -> 1.22475 | J77: ='BASE DE CÁLCULO'!$B$3/EXW!$I77 -> 89.814248 | K77: ='BASE DE CÁLCULO'!$B$2/EXW!$I77 -> 58.787508 | M77: TC-16 | N77: 2635 | O77: =SUM(N77/'BASE DE CÁLCULO'!$B$13) -> 545.54865
A78: COIMBRA | B78: COIMBRA | C78: 1.9 | D78: F: 1,13 A: 1,58 | E78: 0.88 | F78: 0.97 | G78: 1.15 | H78: 0.75 | I78: =F78*G78*H78 -> 0.836625 | J78: ='BASE DE CÁLCULO'!$B$3/EXW!$I78 -> 131.48065 | K78: ='BASE DE CÁLCULO'!$B$2/EXW!$I78 -> 86.060063 | L78: BIPARTIDO - 2 ASSENTOS | M78: TC-10 | N78: 1980 | O78: =SUM(N78/'BASE DE CÁLCULO'!$B$13) -> 409.93789
F79: 0.97 | G79: 1.15 | H79: 0.75 | I79: =F79*G79*H79 -> 0.836625 | J79: ='BASE DE CÁLCULO'!$B$3/EXW!$I79 -> 131.48065 | K79: ='BASE DE CÁLCULO'!$B$2/EXW!$I79 -> 86.060063 | M79: TC-12 | N79: 2070 | O79: =SUM(N79/'BASE DE CÁLCULO'!$B$13) -> 428.57143
F80: 0.97 | G80: 1.15 | H80: 0.75 | I80: =F80*G80*H80 -> 0.836625 | J80: ='BASE DE CÁLCULO'!$B$3/EXW!$I80 -> 131.48065 | K80: ='BASE DE CÁLCULO'!$B$2/EXW!$I80 -> 86.060063 | M80: TC-13 | N80: 2220 | O80: =SUM(N80/'BASE DE CÁLCULO'!$B$13) -> 459.62733
F81: 0.97 | G81: 1.15 | H81: 0.75 | I81: =F81*G81*H81 -> 0.836625 | J81: ='BASE DE CÁLCULO'!$B$3/EXW!$I81 -> 131.48065 | K81: ='BASE DE CÁLCULO'!$B$2/EXW!$I81 -> 86.060063 | M81: TC-14 / ST | N81: 2290 | O81: =SUM(N81/'BASE DE CÁLCULO'!$B$13) -> 474.12008
F82: 0.97 | G82: 1.15 | H82: 0.75 | I82: =F82*G82*H82 -> 0.836625 | J82: ='BASE DE CÁLCULO'!$B$3/EXW!$I82 -> 131.48065 | K82: ='BASE DE CÁLCULO'!$B$2/EXW!$I82 -> 86.060063 | M82: TC-16 | N82: 2410 | O82: =SUM(N82/'BASE DE CÁLCULO'!$B$13) -> 498.9648
F83: 0.97 | G83: 1.15 | H83: 0.75 | I83: =F83*G83*H83 -> 0.836625 | J83: ='BASE DE CÁLCULO'!$B$3/EXW!$I83 -> 131.48065 | K83: ='BASE DE CÁLCULO'!$B$2/EXW!$I83 -> 86.060063 | M83: TC-18 | N83: 2690 | O83: =SUM(N83/'BASE DE CÁLCULO'!$B$13) -> 556.93582
C84: 2.1 | D84: F: 1,13 A: 1,58 | E84: 0.88 | F84: 1.07 | G84: 1.15 | H84: 0.75 | I84: =F84*G84*H84 -> 0.922875 | J84: ='BASE DE CÁLCULO'!$B$3/EXW!$I84 -> 119.19274 | K84: ='BASE DE CÁLCULO'!$B$2/EXW!$I84 -> 78.017066 | L84: BIPARTIDO - 2 ASSENTOS | M84: TC-10 | N84: 2280 | O84: =SUM(N84/'BASE DE CÁLCULO'!$B$13) -> 472.04969
F85: 1.07 | G85: 1.15 | H85: 0.75 | I85: =F85*G85*H85 -> 0.922875 | J85: ='BASE DE CÁLCULO'!$B$3/EXW!$I85 -> 119.19274 | K85: ='BASE DE CÁLCULO'!$B$2/EXW!$I85 -> 78.017066 | M85: TC-12 | N85: 2190 | O85: =SUM(N85/'BASE DE CÁLCULO'!$B$13) -> 453.41615
F86: 1.07 | G86: 1.15 | H86: 0.75 | I86: =F86*G86*H86 -> 0.922875 | J86: ='BASE DE CÁLCULO'!$B$3/EXW!$I86 -> 119.19274 | K86: ='BASE DE CÁLCULO'!$B$2/EXW!$I86 -> 78.017066 | M86: TC-13 | N86: 2340 | O86: =SUM(N86/'BASE DE CÁLCULO'!$B$13) -> 484.47205
F87: 1.07 | G87: 1.15 | H87: 0.75 | I87: =F87*G87*H87 -> 0.922875 | J87: ='BASE DE CÁLCULO'!$B$3/EXW!$I87 -> 119.19274 | K87: ='BASE DE CÁLCULO'!$B$2/EXW!$I87 -> 78.017066 | M87: TC-14 / ST | N87: 2420 | O87: =SUM(N87/'BASE DE CÁLCULO'!$B$13) -> 501.0352
F88: 1.07 | G88: 1.15 | H88: 0.75 | I88: =F88*G88*H88 -> 0.922875 | J88: ='BASE DE CÁLCULO'!$B$3/EXW!$I88 -> 119.19274 | K88: ='BASE DE CÁLCULO'!$B$2/EXW!$I88 -> 78.017066 | M88: TC-16 | N88: 2550 | O88: =SUM(N88/'BASE DE CÁLCULO'!$B$13) -> 527.95031
F89: 1.07 | G89: 1.15 | H89: 0.75 | I89: =F89*G89*H89 -> 0.922875 | J89: ='BASE DE CÁLCULO'!$B$3/EXW!$I89 -> 119.19274 | K89: ='BASE DE CÁLCULO'!$B$2/EXW!$I89 -> 78.017066 | M89: TC-18 | N89: 2840 | O89: =SUM(N89/'BASE DE CÁLCULO'!$B$13) -> 587.99172
C90: 2.3 | D90: F: 1,13 A: 1,58 | E90: 0.88 | F90: 1.17 | G90: 1.15 | H90: 0.75 | I90: =F90*G90*H90 -> 1.009125 | J90: ='BASE DE CÁLCULO'!$B$3/EXW!$I90 -> 109.00533 | K90: ='BASE DE CÁLCULO'!$B$2/EXW!$I90 -> 71.348941 | L90: BIPARTIDO - 2 ASSENTOS | M90: TC-10 | N90: 2430 | O90: =SUM(N90/'BASE DE CÁLCULO'!$B$13) -> 503.10559
F91: 1.17 | G91: 1.15 | H91: 0.75 | I91: =F91*G91*H91 -> 1.009125 | J91: ='BASE DE CÁLCULO'!$B$3/EXW!$I91 -> 109.00533 | K91: ='BASE DE CÁLCULO'!$B$2/EXW!$I91 -> 71.348941 | M91: TC-12 | N91: 2330 | O91: =SUM(N91/'BASE DE CÁLCULO'!$B$13) -> 482.40166
F92: 1.17 | G92: 1.15 | H92: 0.75 | I92: =F92*G92*H92 -> 1.009125 | J92: ='BASE DE CÁLCULO'!$B$3/EXW!$I92 -> 109.00533 | K92: ='BASE DE CÁLCULO'!$B$2/EXW!$I92 -> 71.348941 | M92: TC-13 | N92: 2498 | O92: =SUM(N92/'BASE DE CÁLCULO'!$B$13) -> 517.18427
F93: 1.17 | G93: 1.15 | H93: 0.75 | I93: =F93*G93*H93 -> 1.009125 | J93: ='BASE DE CÁLCULO'!$B$3/EXW!$I93 -> 109.00533 | K93: ='BASE DE CÁLCULO'!$B$2/EXW!$I93 -> 71.348941 | M93: TC-14 / ST | N93: 2580 | O93: =SUM(N93/'BASE DE CÁLCULO'!$B$13) -> 534.16149
F94: 1.17 | G94: 1.15 | H94: 0.75 | I94: =F94*G94*H94 -> 1.009125 | J94: ='BASE DE CÁLCULO'!$B$3/EXW!$I94 -> 109.00533 | K94: ='BASE DE CÁLCULO'!$B$2/EXW!$I94 -> 71.348941 | M94: TC-16 | N94: 2720 | O94: =SUM(N94/'BASE DE CÁLCULO'!$B$13) -> 563.147
F95: 1.17 | G95: 1.15 | H95: 0.75 | I95: =F95*G95*H95 -> 1.009125 | J95: ='BASE DE CÁLCULO'!$B$3/EXW!$I95 -> 109.00533 | K95: ='BASE DE CÁLCULO'!$B$2/EXW!$I95 -> 71.348941 | M95: TC-18 | N95: 3020 | O95: =SUM(N95/'BASE DE CÁLCULO'!$B$13) -> 625.2588
C96: 2.5 | D96: F: 1,13 A: 1,58 | E96: 0.88 | F96: 1.27 | G96: 1.15 | H96: 0.75 | I96: =F96*G96*H96 -> 1.095375 | J96: ='BASE DE CÁLCULO'!$B$3/EXW!$I96 -> 100.42223 | K96: ='BASE DE CÁLCULO'!$B$2/EXW!$I96 -> 65.730914 | L96: BIPARTIDO - 2 ASSENTOS | M96: TC-10 | N96: 2580 | O96: =SUM(N96/'BASE DE CÁLCULO'!$B$13) -> 534.16149
F97: 1.27 | G97: 1.15 | H97: 0.75 | I97: =F97*G97*H97 -> 1.095375 | J97: ='BASE DE CÁLCULO'!$B$3/EXW!$I97 -> 100.42223 | K97: ='BASE DE CÁLCULO'!$B$2/EXW!$I97 -> 65.730914 | M97: TC-12 | N97: 2460 | O97: =SUM(N97/'BASE DE CÁLCULO'!$B$13) -> 509.31677
F98: 1.27 | G98: 1.15 | H98: 0.75 | I98: =F98*G98*H98 -> 1.095375 | J98: ='BASE DE CÁLCULO'!$B$3/EXW!$I98 -> 100.42223 | K98: ='BASE DE CÁLCULO'!$B$2/EXW!$I98 -> 65.730914 | M98: TC-13 | N98: 2650 | O98: =SUM(N98/'BASE DE CÁLCULO'!$B$13) -> 548.65424
F99: 1.27 | G99: 1.15 | H99: 0.75 | I99: =F99*G99*H99 -> 1.095375 | J99: ='BASE DE CÁLCULO'!$B$3/EXW!$I99 -> 100.42223 | K99: ='BASE DE CÁLCULO'!$B$2/EXW!$I99 -> 65.730914 | M99: TC-14 / ST | N99: 2730 | O99: =SUM(N99/'BASE DE CÁLCULO'!$B$13) -> 565.21739
F100: 1.27 | G100: 1.15 | H100: 0.75 | I100: =F100*G100*H100 -> 1.095375 | J100: ='BASE DE CÁLCULO'!$B$3/EXW!$I100 -> 100.42223 | K100: ='BASE DE CÁLCULO'!$B$2/EXW!$I100 -> 65.730914 | M100: TC-16 | N100: 2880 | O100: =SUM(N100/'BASE DE CÁLCULO'!$B$13) -> 596.27329
...

Sheet BASE DE CÁLCULO
A1: TRANSPORTE
A2: CONTEINER 40' HC - CBMS | B2: 72
A3: CAMINHÃO | B3: 110
A11: COTAÇÃO
A12: Dólar | B12: 5.18
A13: COTAÇÃO UTILIZADA CÁLCULO | B13: =SUM(B12-0.35) -> 4.83
A15: FOB PARANAGUÁ | B15: 14750
A16: FCA FÁBRICA | B16: 2000
A19: DESPESAS COM FRETE TERRESTE E DESPACHO ADUANEIRO|FOB Marítimo
A20: Frete até o Porto de Paranaguá | B20: 9500
A21: Despesas Portuárias de Registro e Documentos | B21: =3600 -> 3600
A22: Despesas c/ Despachante Aduaneiro | B22: 1650
A23: Despesas Courier | B23: 500
A24: TOTAL | B24: =SUM(B20:B23) -> 15250
